scene,PPT,start,end,allocated_seconds,speaker,syllables,estimated_baseline_seconds,measured_seconds,notes
S01,P01,00:20,00:50,30,전체 → 팀장님 → 교육담당 → 팀장님,102,25.17,,
S02,P02,00:50,01:07,17,교육담당 → 팀장님,52,13.3,,
S03,P03,01:07,01:50,43,교육담당 → 팀장님 → 교육담당 → 팀장님,157,37.13,,
S04,P04,01:50,02:14,24,팀장님 → 교육담당,82,19.83,,
S05,P05,02:14,02:56,42,교육담당 → 팀장님 → 교육담당 → 팀장님,143,34.09,,
S06,P06,02:56,03:36,40,팀장님 → 교육담당 → 팀장님 → 교육담당,138,33.0,,
S07,P07,03:36,03:56,20,교육담당 → 팀장님,64,15.91,,
S08,P08,03:56,04:20,24,교육담당 → 팀장님 → 교육담당,83,20.04,,
S09,P09,04:20,04:40,20,팀장님 → 교육담당,66,16.35,,
S10,P10,04:40,04:55,15,팀장님 → 교육담당 → 전체,50,12.87,,
